Product	Kilogram	Calorie	Gram of Protein
Milk	0.0392	0.00008	0.00119
Beef	0.816	0.0003	0.00308
Chicken	34.96	0.01461	0.12927